callsign,inband_qso_count,d4c_total_qso_count,cn3a_reached
2E0CVN,1,2,true
3B8M,2,6,true
3B9KW,5,5,true
3D2AG,3,4,true
3G8EW,1,1,true
3V8SS,4,4,true
3W9A,2,2,true
3Z0X,1,1,true
3Z9X,1,1,false
4E1AGW,1,1,false
4K6FO,3,4,true
4L0G,1,1,true
4L5O,1,1,true
4L5P,1,1,true
4L8A,1,1,true
4L9M,1,5,true
4U1A,5,6,true
4W8X,3,8,true
4X0A,1,1,true
4X1MM,1,2,false
4X6FB,1,1,true
4X6FR,3,3,true
4X7M,4,4,true
4Z4DX,1,4,true
4Z5LA,1,2,true
5H3MB,2,2,true
5W1SA,3,3,true
5Z4VJ,3,3,true
7A2A,2,5,true
7D1C,2,4,true
7J1AAI,2,2,false
7K4XNN,1,1,true
7O73T,5,5,true
8P5A,6,6,true
8P9A,1,1,true
8S80AA,1,1,true
9A/KF0GVX,1,1,false
9A/N4XTT,1,5,true
9A/S56NE,1,5,true
9A/TA7AZC,1,1,true
9A/W0AAE,2,2,true
9A1A,1,5,true
9A1AA,2,5,true
9A1AAY,3,4,false
9A1LAF,1,2,true
9A1P,2,6,true
9A2KD,1,1,true
9A2KI,1,3,true
9A3AG,1,1,true
9A3MA,1,3,true
9A3MR,2,3,true
9A3SM,1,3,true
9A4BA,3,3,true
9A7A,2,5,true
9A8M,1,2,true
9A9R,2,2,true
9H/DF1DN,3,3,true
9H/DL2MRE,3,3,true
9H1CG,4,4,true
9H6A,2,4,true
9M6NA,3,4,true
9N7AA,1,1,true
9Z4A,4,5,true
A60A,2,5,true
A65CW,1,3,true
A71WW,3,3,true
A92GE,1,1,true
AA1QD,1,2,true
AA1SU,1,2,true
AA2ZW,1,1,false
AA4CF,1,1,true
AA5UN,1,4,true
AA8P,1,1,true
AA9A,1,1,true
AB2E/VP9,2,5,true
AB3CX,2,4,true
AB4ES,1,1,false
AB5EB,1,2,true
AB7MP,1,1,false
AC6DD,1,2,true
AC6XT/6Y,2,2,true
AC7AF,2,3,true
AD4ES,2,2,true
AD5A,2,4,true
AF2F,1,1,true
AG3I,1,1,true
AH2R,1,4,true
AI4WW,2,5,true
AI6O,3,3,true
AJ9C,1,2,true
AL1G,1,2,true
AT3K,3,5,true
B0A,3,5,true
BA3MM,1,3,true
BA7LOK,1,6,true
BA7MT,4,4,true
BD1KV,1,2,false
BD4TTU,2,4,true
BD4VGZ,1,2,false
BD5XX,1,1,true
BD7BT,1,1,false
BD7DT,1,3,true
BD7JNA,1,1,true
BG2AUE,1,2,true
BG8TFN,1,1,false
BH1APZ,2,2,true
BH2VBK,1,1,false
BI4WXD,1,1,true
BI4XDT,1,1,true
BI6LFJ,1,1,false
BY1CW,1,2,true
BY3GA,3,3,true
BY4DX,2,2,false
BY7KP,1,2,true
BY8AC,1,3,true
C37N,5,7,true
C4W,4,4,true
C6AQQ,4,4,true
C6AWA,4,4,true
CE2DX,1,1,true
CE2LR,4,4,true
CE3CT,2,4,true
CN3A,6,6,false
CN8WW,1,1,true
CO2AN,1,1,true
CO2ER,1,1,true
CO2JD,1,1,true
CO2RQ,2,2,true
CO8ZZ,3,4,true
CR3A,3,5,true
CR3W,5,7,true
CR5O,1,2,true
CR6K,6,6,true
CT3KN,5,7,true
CT7BJG,1,2,true
CW5W,1,1,true
CX2AQ,1,1,true
CX5UA,1,2,true
CX9AU,1,2,true
DA0RR,1,2,true
DD5M,2,2,true
DF0HQ,1,1,true
DF1DX,1,1,true
DF1MM,1,1,true
DF2RQ,1,1,true
DF4XF,1,1,true
DF4XX,1,2,true
DF6JC,1,1,false
DF9ZV,1,1,false
DJ0IF,2,2,true
DJ2QV,2,4,true
DJ5MW,3,4,true
DJ6AU,1,2,true
DK0SU,2,4,true
DK0SV,1,1,false
DK1MAX,1,2,true
DK1NO,4,5,true
DK1WU,1,1,true
DK3YD,1,3,true
DK4YJ,1,1,true
DK5DQ,5,5,true
DK5TA,1,1,true
DK5TRI,1,1,true
DK6FX,2,3,true
DK70BAD,1,1,false
DL0FTL,2,5,true
DL0RD,1,1,true
DL1AQU,1,1,true
DL1DVE,1,2,true
DL1EAR,1,3,true
DL1EFW,1,1,true
DL1MJF,1,1,true
DL1SO,1,1,true
DL1VDL,2,4,true
DL2DX,2,3,true
DL2DXA,1,1,false
DL2F,3,3,true
DL2OE,1,3,true
DL3ASM,1,1,false
DL3AZ,2,5,true
DL3UB,2,6,true
DL3VZL,2,4,true
DL4AAE,1,1,true
DL4ABR,2,3,true
DL4YR,1,3,true
DL4ZA,2,2,true
DL5AN,1,1,false
DL5ARM,1,2,true
DL5ASK,1,4,true
DL5CF,1,3,true
DL5DXS,2,2,true
DL5IAH,1,6,false
DL5RDO,1,3,true
DL5RDP,1,3,true
DL5XAT,1,3,true
DL5YL,4,6,true
DL5YM,2,5,true
DL6JZ,3,5,true
DL6NCY,1,2,true
DL7FER,3,5,true
DL7JOM,2,2,true
DL7PIA,2,5,true
DL7URB,1,2,false
DL7VMM,1,1,true
DL8SCG,1,1,true
DL8ULF,2,2,true
DL9ABM,1,2,true
DM0A,1,1,true
DM1T,5,5,true
DM2RN,3,4,true
DM3ZF,1,2,true
DM5DM,2,5,true
DM5EA,1,2,true
DM6WAN,1,2,true
DM7C,1,6,true
DP4M,1,1,true
DP6A,1,2,true
DP9A,1,3,true
DR4A,1,1,true
DS4AOW,1,1,true
DS4EOI,2,2,true
DU3T,2,3,true
DX8H,1,2,true
E29TGW,2,4,true
E2A,3,3,true
E2X,1,5,true
E70AW,2,2,true
E71A,4,4,true
E72U,1,4,true
E73M,2,3,true
E77D,1,3,true
E78T,1,1,true
E7AA,1,1,true
E7GZ,1,1,true
EA1FBU,3,5,true
EA1G,2,3,true
EA1L,2,2,true
EA2AFV,1,1,true
EA2AZ,1,2,true
EA2BD,1,1,true
EA2ESB,2,4,true
EA2GM,2,2,true
EA2GR,3,3,true
EA2W,3,4,true
EA3AR,5,5,false
EA3CWT,1,1,true
EA3D,1,1,false
EA3FZT,1,1,true
EA3IN,1,2,true
EA3KE,1,1,true
EA3X,2,2,true
EA4EM,2,2,true
EA4GWG,1,1,true
EA4KD,1,1,true
EA4M,1,1,false
EA4OR,2,2,true
EA5AER,2,2,false
EA5CP,1,1,true
EA5DD,2,2,false
EA5ET,1,1,false
EA5J,2,2,true
EA5L,1,1,false
EA5M,3,6,true
EA5W,1,1,false
EA6EJ,2,2,true
EA6NB,5,5,false
EA7/G4BJM,2,6,true
EA7A,1,1,true
EA7CJN,1,4,true
EA7GZQ,1,5,false
EA7R,3,3,false
EA7TG,2,3,false
EA8AQM,1,2,false
EA8BQM,2,3,true
EA8BYM,1,1,false
EA8RM,7,7,true
EA8TZ,1,1,true
EA9/OH2BR,1,1,false
EB5F,1,1,false
EB7KA,3,4,true
EC1R,1,1,false
EC5K,1,1,true
EC7K,1,1,false
ED1B,3,6,true
ED1K,2,3,true
ED1R,1,2,true
ED3A,1,3,true
ED3Z,3,4,true
ED5K,1,1,true
ED5N,1,4,true
ED5O,2,4,true
ED7W,3,6,true
ED8M,4,6,true
EE3O,1,1,true
EF1A,5,6,true
EF6B,3,4,true
EF6T,5,7,true
EF8BBM,1,2,true
EI0W,1,3,true
EI1E,4,6,true
EI5KO,1,1,true
EI6FR,1,1,true
EI7M,1,2,true
EI9E,2,5,true
ER/UT1ZZ,1,2,true
ER1A,1,1,false
ER1KAA,1,5,true
ES1BH,2,2,true
ES2MC,3,3,true
ES2RR,1,1,true
ES7A,5,7,true
EU1DC,3,4,true
EU2F,3,5,true
EU4E,1,2,true
EU8N,1,3,true
EV1R,1,1,true
EW1P,1,1,true
EW2A,1,2,true
EW3LN,1,2,true
EW4A,1,3,true
EW5A,1,6,true
EW8AX,1,1,true
EW8DX,2,2,true
EX2M,1,1,true
EY7BJ,2,4,true
F5DM,1,1,true
F5IN,3,4,true
F5MMX,1,4,true
F5NIB,1,1,true
F5OGL,1,1,true
F5OZC,3,4,true
F5PCV,1,1,true
F5ROX,1,1,true
F5SDD,1,1,true
F5SGI,1,2,true
F5SIH,3,3,true
F5VBU,3,3,true
F5VHY,3,3,true
F6ARC,1,1,true
F6BLK,1,2,false
F6CRP,1,1,true
F6GPT,2,2,true
F6HKA,3,3,false
F6IRA,1,3,true
F6KGL,1,1,false
F8AAN,1,1,false
F8DFP,2,3,true
F8DGY,6,6,true
F8KLY,2,5,true
FG/OK6RA,1,1,true
FR8UA,1,1,true
FS/K0CD,1,1,false
FW5N,4,4,true
FY5FY,1,1,true
FY5KE,1,1,true
G0MTN,3,6,true
G2O,1,1,true
G2X,2,4,true
G3PJT,1,1,true
G3T,1,2,true
G3V,1,3,true
G3VMW,1,1,true
G4AMT,2,2,true
G4C,1,2,true
G4DDL,1,2,true
G5U,2,5,true
G5V,1,1,true
G6XX,3,4,true
G8D,1,1,false
GI5I,3,3,true
GI8V,1,1,false
GJ2A,1,1,true
GM0AZC,1,1,true
GM0GAV,3,3,true
GM3A,1,1,true
GM3WIJ,1,1,false
GM4X,2,2,true
GM7A,4,6,true
GS7V,2,2,true
GW4J,1,1,true
GW5P,1,1,false
H44WA,1,1,false
HA0NAR,1,1,true
HA1XY,1,1,true
HA2KMR,1,1,true
HA2VH,3,4,true
HA3DX,1,6,true
HA3FTA,1,2,true
HA3HO,1,1,true
HA3JB,1,1,true
HA3OU,1,2,true
HA4A,1,1,true
HA5GF,1,1,true
HA5PP,1,1,true
HA5PT,1,1,true
HA5UX,1,2,true
HA6P,4,5,true
HA7A,1,1,true
HA7MF,2,5,true
HA8A,2,2,true
HA8IB,1,1,true
HA8RM,1,1,false
HA9RT,6,6,true
HB0A,3,3,true
HB9AFI,2,2,false
HB9AGA,1,1,true
HB9ARF,2,4,true
HB9AWS,1,5,true
HB9BRJ,1,1,true
HB9BXE,1,4,true
HB9CA,4,4,true
HB9CDH,1,3,true
HB9DCM,4,5,true
HB9EBC,1,1,true
HB9EP,4,6,true
HB9HBY,1,1,true
HB9HDC,1,2,true
HB9IJC,1,1,true
HB9KOG,1,1,true
HB9TOC,1,2,true
HC2GRC,1,3,true
HF1J,2,4,true
HG23TISZA,6,6,true
HG3N,1,1,true
HG5A,1,1,true
HG5C,3,5,true
HG5D,2,3,true
HG5E,1,2,true
HG6N,1,5,true
HG6O,3,3,true
HG7T,2,3,true
HG8CK,2,2,true
HG8X,2,2,true
HI3A,5,5,true
HI3K,1,5,true
HK3TU,1,1,true
HK6J,3,3,true
HL2BQG,2,2,true
HL2WA,2,4,true
HO2T,5,6,true
HQ9X,4,7,true
HS5NMF,1,2,true
HZ7C,1,1,true
I1NVU,1,4,true
I1RJP,5,6,true
I2SVA,1,2,true
I3FIY,3,4,true
I5JGO,1,1,false
I5MPN,1,1,true
IB3N,5,6,true
IB8A,1,1,true
IB9A,3,3,true
IB9T,1,1,true
II1P,3,4,true
II3O,1,1,true
II8M,4,5,true
IK0IXI,1,1,true
IK0YUT,5,5,true
IK0YVV,4,4,true
IK1JJM,2,3,true
IK1LBL,1,1,true
IK1PMR,1,1,true
IK1TTD,1,3,true
IK2SAI,1,1,true
IK2SAR,1,1,true
IK2SND,1,1,false
IK2ULV,1,1,true
IK3UNA,2,3,true
IK4LZH,1,1,false
IK5MEP,4,4,true
IK5ZWU,2,3,false
IK7MIY,2,2,true
IK7XJA,1,1,true
IO0A,2,2,true
IO3A,1,1,false
IO4A,3,4,true
IO4M,1,1,false
IO4T,3,3,false
IO5A,1,1,false
IO5X,1,1,true
IO6A,1,3,true
IO9A,1,1,false
IO9J,1,1,true
IQ0AAI,1,1,false
IQ3A,1,1,false
IQ3ME,2,5,true
IR0A,1,1,true
IR1G,2,2,true
IR2C,1,3,true
IR2Q,4,6,true
IR4M,2,2,true
IR6D,1,1,true
IS0AFM,1,1,false
IT9KCD,1,2,true
IT9KXK,2,3,true
IU0HMB,4,6,true
IV3UHL,2,3,true
IV3YNB,1,4,true
IX1HPN,1,1,true
IY3A,3,6,true
IZ2MGN,1,1,false
IZ3DVU,3,4,true
IZ3JPM,2,3,true
IZ4BOY,1,1,true
IZ4EFN,1,1,true
IZ4GOL,2,3,false
IZ5BBS,1,1,true
IZ5EKU,1,1,false
IZ5EKV,1,1,false
IZ5FDE,2,2,true
IZ5NFD,4,6,true
IZ7XUQ,2,4,true
IZ8FFZ,1,2,false
IZ8GUQ,1,1,true
J42L,4,4,true
JA1IAZ,1,3,true
JA1ZGO,1,2,true
JA3YBK,1,2,true
JA5DQH,1,1,true
JA6SHL,1,1,false
JA6TSE,1,1,false
JA6WFM,1,1,false
JA6ZPR,1,1,false
JA7FTR,1,1,true
JA7NVF,1,3,true
JA9CWJ,1,1,true
JE1LFX,1,2,true
JE6RPM,4,4,true
JE7ETY,1,1,false
JF1NHD,1,2,true
JF2KOZ,1,1,true
JF7PHE,1,2,true
JH1GEX,1,1,true
JH1QDB,1,1,true
JH4UTP,3,4,true
JH4UYB,4,5,true
JH6WDG,1,1,true
JH7CUO,1,2,true
JH8XVT,1,2,true
JI0VWL,1,1,false
JJ2JQF,2,2,true
JJ2YRM,1,1,true
JL1CNY,1,2,true
JL3JRY,1,1,false
JN2AMD,2,2,true
JR2GRX,1,1,true
JR2KHB,1,1,true
JR2PMT,1,1,false
JR3EOI,1,1,true
JR6YTX,1,2,true
JR7XOD,2,2,false
JS3CTQ,1,1,true
JS6TSE,1,1,true
JT1BV,1,3,true
JW7QIA,1,1,false
K0DEQ,1,1,false
K0DME,1,1,true
K0EA,2,3,true
K0EJ,3,5,true
K0EU,1,3,true
K0PC,1,4,true
K0RF,5,7,true
K0SN,2,2,true
K0XF,1,1,true
K0ZR,3,4,true
K1BX,3,4,true
K1DG,3,3,true
K1ESE,1,2,true
K1GQ,1,1,false
K1GU,2,2,true
K1IB,1,1,true
K1IR,1,4,true
K1KI,1,1,true
K1KP,2,4,true
K1LZ,3,8,true
K1RX,3,6,true
K1SX,1,1,true
K1TT,1,1,false
K1TTT,1,5,true
K1TZQ,1,3,true
K1ZK,1,6,true
K1ZZ,3,7,true
K2CJ,1,3,true
K2LE,1,2,true
K2LNS,2,3,true
K2NV,2,2,true
K2PI,1,2,false
K2SX,1,1,true
K2VV,2,2,false
K2YY,1,1,false
K3AJ,3,5,true
K3CCR,1,5,true
K3CY,2,4,true
K3KU,1,1,true
K3LF,1,1,false
K3MD,3,3,true
K3MM,1,2,true
K3OO,1,1,true
K3PA,1,1,true
K3SV,2,3,true
K3TC,1,2,true
K3TM,1,2,true
K3TS,1,1,true
K3UL,3,3,true
K3WJV,1,2,true
K3WU,1,1,true
K3WW,1,2,true
K3ZA,1,1,true
K3ZM,3,4,true
K4OAQ,1,1,true
K4OV,1,1,true
K4PV,4,4,true
K4RUM,3,3,true
K4ZW,4,6,true
K5BG,1,2,true
K5FUV,1,2,true
K5GN,4,7,true
K5KU,1,1,true
K5OY,1,3,true
K5TU,2,6,true
K5UV,1,3,true
K5WA,2,4,true
K5ZD,2,2,true
K6OK,1,4,true
K6RB,1,1,false
K6XX,1,1,true
K7BG,1,2,true
K7GA,1,3,true
K7MK,1,2,true
K7SS,1,1,false
K7WA,1,1,true
K8BZ,2,2,true
K8GL,2,2,true
K8LX,2,5,true
K8MFO,1,1,true
K8MM,4,4,true
K8MP,1,2,true
K8PK,1,4,true
K8R,2,3,false
K8TS,1,3,true
K9BGL,1,1,true
K9EI,1,1,true
K9KJ,1,1,true
K9LJN,1,3,true
K9MA,1,1,true
K9RS,3,9,true
K9ZO,1,2,true
KA0PQW,1,2,true
KA1EFO,1,1,true
KA2MGE,1,1,true
KA4JAM,2,2,false
KA5M,1,2,true
KB1EFS,2,2,true
KB1W,1,2,true
KB3WD,1,1,true
KC1XX,1,6,true
KC2LSD,1,4,true
KD8JDC,2,2,true
KD9LSV,2,2,false
KE0UI,1,3,true
KE2WY,1,2,true
KE8LQR,2,2,false
KG1V,1,1,true
KG9N,3,6,true
KH6AQ,1,1,true
KH6CJJ,1,2,false
KH6LC,5,6,true
KH7M,1,1,true
KH7X/W7,4,4,true
KI1G,1,2,true
KK0U,1,2,true
KK9V,1,6,true
KL7AC,2,2,false
KL7RA,1,4,true
KM5G,1,1,true
KN0V,1,1,true
KN2M,2,4,true
KN7K,1,3,true
KN7T,3,3,true
KO4CD,1,7,true
KP2B,1,1,true
KP2M,5,6,true
KP3N,4,4,true
KQ2M,3,4,true
KQ4R,1,1,true
KR2AA,1,1,true
KS1J,2,3,true
KT4XA,1,3,true
KT5C,2,3,true
KT7E,1,1,true
KU2C,2,2,true
KU2M,1,1,true
KV2K,1,1,true
KW8N,4,4,true
KY4GS,1,3,true
KY4ID,1,1,false
KZ5D,2,2,true
LA0GE,1,1,true
LA7GIA,3,3,true
LA8HGA,3,3,true
LA8OM,2,3,true
LA9OI,1,1,true
LC9A,1,3,true
LN8W,4,7,true
LP1H,4,5,true
LS2D,3,5,true
LT1F,2,3,true
LU1HLH,1,3,true
LU2DT,1,1,true
LU3MG,2,2,true
LU4HK,1,1,true
LU5HCB,1,1,false
LU6OA,2,2,false
LU6UO,1,1,true
LU7HN,1,1,true
LU7YS,1,2,true
LU7YZ,1,1,false
LU8DPM,1,1,true
LW1F,1,1,true
LW2DHD,1,1,false
LX1NO,1,1,true
LX8M,2,3,true
LY/ER1LW,4,4,true
LY0UKR,1,2,true
LY2CX,2,2,true
LY2DX,1,4,true
LY2GV,4,4,true
LY2J,2,6,true
LY2K,2,4,true
LY2MM,1,1,true
LY2NK,3,5,true
LY2X,1,1,true
LY2ZO,1,4,true
LY4A,3,6,true
LY4G,1,1,true
LY4L,1,3,true
LY5I,1,1,true
LY5O,3,6,true
LY5R,1,1,true
LY6C,1,1,true
LY7K,3,5,true
LY7R,2,4,true
LY7T,4,5,true
LY7X,1,1,true
LY9A,2,3,true
LZ1JZ,2,3,true
LZ1MS,1,1,true
LZ1ND,2,2,true
LZ1NY,1,1,true
LZ1QN,1,5,true
LZ1QZ,1,2,true
LZ1ZJ,1,3,true
LZ1ZM,3,3,true
LZ2HA,1,1,true
LZ3BB,1,1,false
LZ4TX,1,1,true
LZ4W,1,1,true
LZ5I,3,4,true
LZ5R,5,5,true
LZ5XQ,1,1,true
LZ5Y,1,1,true
LZ6K,3,3,true
LZ6W,1,1,true
LZ8A,1,1,true
LZ8E,1,1,true
LZ8R,1,1,true
LZ9W,1,2,true
M0DSL,1,2,true
M0MPM,1,1,true
M0RYB/P,5,6,true
M0TJU,2,2,true
M0URL,2,4,true
M0X,6,6,true
M3AWD,1,5,true
M3X,1,1,true
M5P,1,1,true
M5W,1,1,true
M6W,1,1,true
MD2C,1,3,true
MD4K,6,6,true
MI4I,1,1,true
MI5I,3,6,true
MM0T,4,5,true
MM0ZBH,1,5,true
MM2N,2,2,true
MM2T,2,5,true
MM3T,1,1,false
MM4D,1,1,false
MM9I,1,3,true
MU0FAL,1,1,false
MW0BRO,3,3,true
N0AC,1,1,false
N0AV,3,5,true
N0AX,2,3,true
N0HJZ,1,3,true
N0KK,1,4,true
N1DC,2,4,true
N1IX,4,4,true
N1KWF,2,2,true
N1LN,2,6,true
N1RR,2,4,true
N1SNB,1,1,true
N1TO,1,2,true
N1UR,2,2,true
N2AA,2,2,true
N2GM,1,1,true
N2IC,3,6,true
N2LBR,1,3,true
N2MF,4,5,true
N2NI,1,2,true
N2SR,3,6,true
N2YB,3,4,false
N2ZA,2,3,true
N3AD,3,3,true
N3CKI,1,2,true
N3CZ,1,5,true
N3DXX,1,2,true
N3ER,2,4,true
N3FR,1,3,true
N3JT,1,1,true
N3RS,2,2,true
N4AAJ,2,3,true
N4AF,1,1,true
N4EEB,1,1,false
N4EK,2,3,true
N4HB,1,3,true
N4IQ,3,5,true
N4KS,3,3,false
N4QS,1,2,true
N4RJ,3,4,true
N4RV,1,2,true
N4TQ,1,1,false
N4TZ,1,5,true
N4UU,3,3,true
N4WW,1,1,true
N4XD,2,2,true
N5AW,1,2,true
N5CR,1,3,true
N5CW,1,1,true
N5DX,3,6,true
N5JJ,1,1,true
N5RZ,1,1,true
N5TOO,2,2,true
N5YT,1,1,true
N6AA,1,2,true
N6VOH,1,1,false
N6ZFO,1,1,true
N7AT,1,5,true
N7DX,2,5,true
N7NR,1,2,true
N7TU,1,1,false
N7UA,1,1,false
N7VM,2,5,true
N7YY,1,2,true
N9RV,2,5,true
NA8V,3,6,true
NC1CC,3,4,true
NC6K,2,4,true
NE3F,2,3,true
NH2DX,1,2,true
NH6N,2,3,false
NI9F,1,2,true
NJ4P,4,6,true
NK4O,4,4,true
NN0G,1,4,true
NN1SS,3,6,true
NN3Q,2,3,true
NN3RP,1,1,true
NN7CW,4,4,true
NO8C,2,3,true
NP3CW,1,1,true
NP3Y,1,1,true
NP4L,1,1,false
NP4Z,6,6,true
NQ2W,1,1,false
NR3X,2,2,true
NR3Z,2,2,true
NR4M,2,5,true
NS0R,2,3,true
NS3T,1,1,true
NT2DR,1,4,true
NU6N,1,4,true
NW6P,1,1,true
NY3A,1,1,true
OA4ASD,1,1,false
OA4SS,1,1,true
OE1CIW,1,4,true
OE3SPR,2,3,true
OE40XTU,1,4,true
OE4VIE,1,1,false
OE6JTD,1,1,true
OE6V,1,1,true
OE6Z,5,6,true
OE8TIR,1,1,true
OF9X,2,5,true
OG1F,2,5,true
OG4Z,1,2,true
OG6N,1,1,true
OH0V,5,6,true
OH0X,3,7,true
OH0Z,4,6,true
OH1LA,1,2,true
OH1MM,1,3,true
OH1VR,1,3,true
OH2BAH,2,2,true
OH2KW,2,2,true
OH3D,1,1,true
OH3JF,3,3,true
OH3KAV,1,2,true
OH3XR,1,2,true
OH3Z,2,5,true
OH5Z,3,7,true
OH6CT,1,1,true
OH7K,1,1,true
OH8A,5,6,true
OH8L,1,1,true
OH8WR,2,2,true
OK1FGD,1,1,true
OK1FPG,2,2,false
OK1FPQ,2,3,true
OK1HEH,1,3,true
OK1OA,3,6,true
OK1PI,2,5,true
OK1TN,1,5,true
OK2CQR,2,2,true
OK2EA,3,3,true
OK2GG,1,1,false
OK2QA,1,1,true
OK2TJ,4,5,true
OK4YL,2,2,true
OK5D,1,1,true
OK5T,2,6,true
OK5Z,1,1,true
OK6W,1,1,true
OK6Y,1,2,true
OK7AW,2,2,true
OK7O,1,2,true
OK7PN,1,4,true
OL0A,2,4,true
OL0W,1,3,true
OL1C,2,4,true
OL3A,1,5,true
OL3R,1,1,true
OL3Z,2,4,true
OL5Y,3,3,true
OL6D,4,4,true
OL6P,4,5,true
OL7T,1,1,true
OL9A,1,1,true
OL9Z,1,1,true
OM0A,1,1,false
OM3CPF,1,1,true
OM4Q,2,4,true
OM5A,1,1,false
OM5AW,3,4,true
OM5CM,1,5,true
OM5JA,1,1,true
OM6AL,3,5,true
OM7K,4,5,true
OM8AQ,1,1,true
ON3DI,1,2,true
ON4CT,2,3,true
ON4TTT,2,2,true
ON5JT,3,3,true
ON5ZZ,2,2,true
ON6FC,1,1,true
ON6PJ,3,3,true
ON7PQ,2,3,true
ON9TT,2,3,true
OO4T,1,2,false
OP7B,1,1,false
OP7T,1,3,true
OQ5M,1,1,true
OR1Z,3,5,true
OR3A,2,4,true
OT2T,1,1,false
OT2X,1,1,false
OT4A,4,4,true
OT6M,1,1,false
OT7A,1,1,false
OT7T,3,6,true
OV7X,1,1,false
OX3XR,2,2,false
OX7AM,2,5,true
OY1CT,1,1,true
OY9JD,1,3,true
OZ1AA,4,5,true
OZ1AAR,4,4,true
OZ1IKY,1,1,true
OZ2TF,2,3,true
OZ3SM,1,3,true
OZ5W,4,8,true
P3AA,2,5,true
P3D,5,5,true
P40L,2,6,true
P44W,6,7,true
PA0O,1,5,true
PA1CW,1,1,true
PA1FP,2,2,false
PA1T,2,4,true
PA2A,1,3,true
PA3A,3,4,true
PA3AAV,3,3,true
PA3ARM,3,5,true
PA3BWK,1,1,true
PA3DBS,5,5,true
PA3GDD,2,2,true
PA3GVI,1,1,true
PA4DOC,1,1,true
PA4VHF,1,1,true
PA5KT,5,5,true
PA5N,3,3,true
PA6T,3,4,true
PA6X,1,3,true
PA7RA,2,2,true
PC3M,1,2,true
PC5C,2,2,true
PE1EEC,2,4,true
PF37EUDXF,2,2,true
PI4DX,1,2,true
PI4MM,1,1,false
PJ2T,5,5,true
PJ4A,3,6,true
PJ7/G4JEC,1,2,true
PJ7EE,4,4,true
PP2RON,3,4,true
PP4T,2,2,true
PP5AX,1,4,true
PP8ZAC,1,1,false
PR5Y,1,1,true
PT1K,1,4,true
PT2AW,1,1,true
PT5J,1,1,true
PT7BI,3,3,false
PT7WM,2,5,true
PV2K,1,1,true
PV8DX,1,1,true
PW2E,1,1,true
PX2A,2,7,true
PX4M,3,4,false
PY2FRQ,1,1,true
PY2IB,1,3,true
PY2KJ,2,3,true
PY2NY,3,3,true
PY2RSA,1,1,true
PY2VL,1,1,false
PY2XL,2,3,true
PY4HO,4,5,false
PY4XX,1,2,true
PY5AMF,1,1,true
PY5FB,1,3,true
PY7RP,1,2,true
PY7XC,1,4,true
PY8WW,1,1,true
PZ5CO,5,6,true
R0RT,2,2,false
R1MJ,1,2,true
R2IN,1,1,true
R2QA,2,5,true
R3FA,1,1,true
R3LA,1,3,true
R3ZJ,1,2,true
R4BZ,2,2,true
R4LC,1,1,true
R4PH,1,2,true
R4RT,1,3,true
R5MA,1,1,false
R6KA,3,3,false
R7CA,1,5,true
R7KX,2,3,true
R8TT,1,1,true
R9CP,2,2,true
R9FT,2,4,true
R9GM,1,2,true
R9LY,2,2,true
R9YC,2,2,true
RA0AY,1,1,true
RA0SMS,1,2,true
RA3AGF,1,1,true
RA3RLJ,3,4,true
RA4Y,1,1,true
RA5AD,1,2,true
RA6MQ,2,2,false
RA9P,2,5,true
RA9SN,1,1,false
RA9Y,4,5,true
RC3U,2,3,true
RC6U,2,2,false
RC9J,2,2,true
RG2A,1,1,true
RG3R,1,1,true
RG6G,3,4,true
RG8U,1,1,true
RK3TT,1,2,true
RL3T,1,1,true
RM2U,3,6,true
RM3F,1,1,true
RM9A,1,3,true
RN3QO,2,2,false
RN4AO,2,2,false
RN4SS,1,3,true
RO2E,1,1,true
RT0F,1,1,true
RT2F,4,5,true
RT3G,1,4,true
RT4F,2,2,true
RT5F,1,2,true
RU0LL,2,2,true
RU3DNN,1,2,true
RU4LM,1,1,true
RU5A,3,4,true
RU6CO,1,2,true
RU9AC,1,1,false
RU9CK,1,1,true
RW3X,1,1,true
RW4CLF,1,2,true
RW9AV,1,1,true
RW9QA,1,1,true
RX3AEX,1,1,true
RZ4W,1,1,true
S50A,1,2,true
S51DD,1,2,true
S52C,2,5,true
S52ZD,1,1,true
S53M,1,6,true
S53O,1,2,true
S53XX,1,1,true
S54K,1,1,false
S55N,1,3,false
S57A,2,2,true
S57J,2,2,true
S57K,2,3,true
S58D,1,2,true
S58M,1,5,true
S58W,1,2,true
S59L,1,1,true
SA7A,1,1,false
SB3W,1,1,true
SB7S,3,3,false
SC6O,1,4,true
SC7DX,1,4,true
SD6F,4,6,true
SD6M,3,4,true
SE0X,3,4,true
SE3P,2,6,true
SE4E,1,3,true
SE5T,3,5,true
SF0A,2,4,true
SF5X,1,1,true
SF6J,1,2,false
SF7X,1,2,true
SJ2W,2,5,true
SK0QO,1,4,true
SK3W,2,3,true
SK6EI,2,5,true
SK6KU,3,4,true
SM0HRP,4,5,true
SM0Q,1,1,true
SM0SRP,1,1,false
SM2CEW,5,5,true
SM2EKM,4,4,true
SM3EAE,2,2,true
SM3EVR,3,4,true
SM5ACQ,2,4,true
SM5CSS,1,2,true
SM5EIE,1,1,true
SM6TOL,4,4,true
SM6X,3,4,true
SN0RUN,1,2,true
SN1T,4,4,true
SN3F,1,1,true
SN5N,3,3,true
SN5X,1,1,true
SN6A,3,3,true
SN7Q,1,3,true
SO3F,1,1,false
SO3M,1,1,false
SO3O,2,3,true
SO4M,1,1,true
SO4P,1,3,true
SP1AEN,1,3,true
SP1C,1,1,true
SP1NY,1,2,true
SP2FAP,2,3,true
SP2QG,1,1,true
SP3CW,1,2,true
SP3HRN,3,5,true
SP3SLU,2,2,true
SP4W,1,3,true
SP5ES,1,1,true
SP5LST,1,1,true
SP5UD,1,1,true
SP6TGC,1,1,true
SP7AS,1,1,true
SP7IWA,1,2,true
SP8BRT,1,1,true
SP8HWM,2,2,true
SP8IOV,1,1,true
SP9BCH,1,1,false
SP9ENV,2,4,true
SP9KDA,3,4,true
SP9XCN,1,2,true
SQ1PSA,2,2,true
SQ2A,1,1,true
SQ3JPV,1,2,true
SQ5J,2,2,false
SQ7U,1,1,true
SQ9DEO,1,1,true
SQ9MEE,1,1,true
SQ9TX,1,4,true
SV1ME,1,2,true
SV2HUD,2,2,false
SV8OVJ,2,4,true
SV8SXF,2,3,true
SV8TCK,1,1,true
SV9MBH,1,1,true
SX1T,2,2,true
SX9V,1,6,true
T77C,1,1,true
TA2DA,1,1,true
TA3D,1,2,true
TA4A,1,1,false
TA7I,1,2,false
TC3AKSA,3,3,true
TF/OU2I,3,3,true
TF3EO,1,1,true
TF3SG,3,5,true
TF3W,1,6,true
TI2OY,2,3,true
TI5JON,2,2,false
TI7W,6,6,true
TK4W,4,8,true
TM1A,2,7,true
TM2Y,1,6,true
TM5T,1,1,false
TM7A,3,3,true
TM7G,1,1,false
TM9C,3,5,true
TO0T,2,2,true
TO1A,1,1,true
TO7A,5,6,true
TO9W,1,1,false
UA1APX,1,1,true
UA1CUR,1,2,true
UA1F,1,4,true
UA1OMS,1,2,true
UA2FZ,5,5,true
UA4CC,1,2,true
UA4M,1,3,true
UA4W,1,5,true
UA4WW,1,1,true
UA5C,3,3,true
UA5D,1,1,true
UA6LUQ,1,2,true
UA9LDD,1,1,false
UA9XO,2,3,true
UB2F,3,4,true
UB7K,5,6,true
UC1A,1,1,true
UC4N,4,4,false
UC8Y,1,1,false
UF5U,1,1,false
UI3A,1,4,true
UI5A,1,2,false
UI7D,1,2,true
UN4L,1,1,true
UN4Q,3,3,true
UN5G,1,1,true
UN7TX,1,2,true
UN9GD,1,1,true
UP2L,1,1,true
UP5B,1,3,true
UP7L,1,4,true
UR3HC,1,1,false
UR4UWY,2,4,true
UR5WX,1,1,true
UR5XMM,1,1,true
UR7HCX,1,3,true
UR7HZ,1,2,true
UR7R,1,1,false
UR7U,1,1,true
UR8RF,2,2,false
US5WE,1,1,true
US7IM,2,5,true
UT0RM,1,5,true
UT0RS,2,3,true
UT1WW,1,1,true
UT3QZ,1,1,true
UT3SO,1,2,true
UT5ECZ,1,1,false
UT5UT,1,1,true
UT6UH,2,3,true
UT7EZ,1,1,true
UV1IX,2,2,true
UW0K,1,2,true
UW1M,1,2,true
UW1WA,1,1,true
UW1WU,1,4,true
UW5Y,2,2,true
UW7RWA,2,4,true
UW7X,1,4,true
UX0KR,1,2,true
UX1BZ,1,1,true
UX1VX,1,1,false
UY2UZ,1,3,true
UY5LW,1,1,true
UY5QJ,2,3,true
UY7C,2,4,true
UZ5DM,2,2,true
V26K,6,6,true
V31CQ,2,4,true
V47T,6,6,true
V51YJ,1,1,true
V85NPV,2,2,true
VA1MM,2,2,true
VA2CZ,2,2,true
VA2EBI,1,1,true
VA2UR,2,3,true
VA2WA,1,2,true
VA3AR,4,4,true
VA3DF,1,1,true
VA3FF,2,3,true
VA3FH,1,3,true
VA3IK,2,3,false
VA3OKG,1,2,true
VA3SB,3,3,false
VA3TNM,1,1,true
VA6RCN,1,2,false
VA7DX,1,1,true
VA7DZ,1,3,true
VA7KO,1,1,true
VA7OO,2,2,false
VA7ST,3,3,true
VA7XU,2,3,true
VC7M,3,5,true
VE1ANU,1,3,true
VE1ZA,4,4,true
VE2EZD,1,1,true
VE2FK,5,5,true
VE2IR,3,3,true
VE3BXG,2,3,true
VE3CT,3,4,true
VE3EJ,2,2,true
VE3KOT,2,3,true
VE3KP,1,1,true
VE3MIS,5,5,true
VE3NNT,3,4,true
VE3NZ,1,1,true
VE3OMV,1,1,true
VE3RIA,1,2,true
VE3VN,2,4,true
VE3YAA,2,2,true
VE3YT,1,3,true
VE4EA,1,1,true
VE4VN,1,1,false
VE5GC,1,1,false
VE5MX,3,5,true
VE5UF,1,1,true
VE5ZX,1,1,true
VE6AO,1,1,true
VE6BBP,2,2,true
VE6SV,1,1,true
VE7NZ,2,2,false
VE7SAR,2,3,true
VE7SZ,3,5,true
VE7WO,3,3,true
VE9AA,2,2,true
VE9HF,1,1,true
VE9KK,4,4,true
VE9ML,1,2,true
VK1A,1,3,true
VK3EGN,1,1,false
VK3IO,1,1,true
VK6T,1,1,true
VK9XY,4,5,true
VL2A,1,1,true
VL2B,1,1,true
VL2G,2,2,true
VL4A,1,5,true
VO1BQ,1,1,false
VO1HP,1,3,true
VO2AC,4,6,true
VP5M,3,5,true
VR2KW,1,1,true
VR2T,1,2,false
VR2XAN,1,1,true
VU2CDP,3,3,true
VU2MUD,1,1,true
VU2YYF,1,1,true
VU3GDS,1,1,true
VY1CO,2,2,true
VY2TT,6,6,true
W0ABE,1,2,true
W0CP,1,1,false
W0EWD,2,2,true
W0IZ,1,3,true
W0JX,1,1,false
W0NY,3,3,true
W0PR,1,2,true
W0RLY,1,1,false
W0ZF,1,2,true
W1CSM,1,3,true
W1DX,1,1,true
W1ES,1,1,false
W1FJ,1,1,true
W1GD,1,1,true
W1JQ,2,2,true
W1KM,4,4,true
W1UJ,1,2,true
W2AA,3,8,true
W2LC,1,2,true
W2VJN,1,1,true
W2XL,1,3,true
W3FV,3,3,true
W3LPL,1,4,true
W3UL,1,1,true
W4CB,3,4,true
W4DAN,3,3,true
W4GO,2,2,true
W4LT,1,1,true
W4NF,2,4,true
W4PM,1,1,true
W4RM,2,3,true
W4RN,2,2,true
W5/OE5OHO,1,1,true
W6AYC,1,3,true
W6RGG,1,1,true
W6TK,1,4,true
W7EE,1,1,false
W7FN,1,2,false
W7QDM,1,1,true
W7VJ,1,4,true
W7WA,1,1,true
W7WSV,1,1,true
W8AV,1,1,true
W8DN,1,2,true
W8FJ,1,3,true
W8LVN,1,3,true
W9MR,1,2,true
W9PDS,1,2,true
W9RE,2,3,true
W9VW,2,6,true
WA0MHJ,1,3,true
WA1S,1,4,true
WA2OAX,1,1,true
WA3AAN,2,2,true
WA7NB,2,3,true
WB0RLJ,1,1,false
WB4IT,2,2,true
WB8JUI,1,3,true
WB9Z/4,1,1,false
WC1M,5,6,true
WD4AWD,1,1,false
WG3J,1,3,true
WH2JA,1,1,false
WH6R,1,2,true
WH7T,1,1,true
WJ9B,1,5,true
WK1O,2,2,true
WK2G,3,3,true
WO5T,2,3,true
WP4WW,1,1,true
WQ5L,3,4,true
WQ6X,2,2,true
WR2G,1,1,true
WS4C,1,1,true
WS9M,1,2,true
WT1L,1,1,true
WT3K,1,1,true
WW2P,2,3,true
WW4LL,2,2,true
WW4XX,1,1,true
WX0B,3,5,true
WX3B,2,2,true
WY3A,1,1,true
WZ0W,1,1,false
XE1AY,1,1,false
XE1CT,1,1,true
XE1RE,2,2,true
XE2AD,4,5,true
XE2I,2,2,true
XE2S,1,3,true
XE2T,1,1,true
XE2X,1,1,true
XL3A,3,4,true
XR6EW,3,3,true
XW4DX,2,3,true
YC2VOC,2,2,true
YD1FRU,1,2,true
YL2BJ,1,1,true
YL2FT,1,1,false
YL2GD,1,2,true
YL2KO,2,5,true
YL2PJ,2,4,true
YL2SM,2,6,true
YL2VW,3,5,true
YL3JD,1,1,false
YL4U,1,3,true
YL5T,1,1,true
YL5W,1,1,true
YL7X,1,1,true
YO2ARM,1,2,true
YO2CEQ,1,2,true
YO2DFA,1,1,true
YO2MNZ,1,2,true
YO2NWW,1,1,true
YO3IJ,1,2,true
YO3LW,1,1,true
YO4FZX,1,1,false
YO4NA,2,3,true
YO4NF,1,2,true
YO4RDW,1,3,true
YO6FGZ,1,1,true
YO7CW,2,3,true
YO7SR,4,4,true
YO8DHA,2,2,true
YO9HP,1,6,true
YR0K,4,5,true
YR9F,2,2,true
YT0W,1,2,false
YT1FZ,2,3,true
YT1X,1,1,true
YT2EWW,1,1,false
YT3D,5,6,true
YT3EWW,1,5,true
YT4D,1,1,false
YT4W,1,1,true
YT5RA,3,3,true
YT6T,2,3,true
YT7A,1,1,true
YT7B,1,1,true
YT7W,3,4,true
YT7X,1,3,true
YT9W,1,1,true
YU0T,1,1,false
YU1ANO,1,2,true
YU1KT,1,1,true
YU1ML,1,1,true
YU1Q,1,5,true
YU1RA,1,2,true
YU5M,1,1,true
YU5R,2,2,true
YV4YC,1,1,false
YV5KG,2,2,false
Z33B,2,2,true
Z35M,2,2,true
Z35T,1,1,true
Z36W,1,6,true
Z61DX,3,3,true
Z68BB,2,4,true
ZA1F,1,3,true
ZA1RR,2,6,true
ZD7BG,3,3,true
ZF1A,6,6,true
ZF5T,4,5,true
ZL1IF,3,4,true
ZL7IO,2,4,true
ZP0X,1,1,true
ZP9MCE,1,1,true
ZS1C,1,3,true
ZS4TX,3,4,true
ZY2A,2,3,true
